{
    "Ar36": {
        "error": 0.00025427156207458585, 
        "fit": "Parabolic", 
        "value": 0.012110175377582537
    }, 
    "Ar37": {
        "error": 0.002338021666668159, 
        "fit": "linear", 
        "value": 0.026014777462646826
    }, 
    "Ar38": {
        "error": 0.005496545970934036, 
        "fit": "linear", 
        "value": 0.5604245272338472
    }, 
    "Ar39": {
        "error": 0.013151032084689684, 
        "fit": "Parabolic", 
        "value": 33.616235825889575
    }, 
    "Ar40": {
        "error": 0.03472372183123996, 
        "fit": "Parabolic", 
        "value": 478.3315263379245
    }, 
    "Ar41": {
        "error": 0.005987629140300875, 
        "fit": "linear", 
        "value": 0.09328835853272954
    }
}