{
    "Ar36": {
        "error": 0.00011199982431960531, 
        "fit": "Parabolic", 
        "value": 0.0006784927514545856
    }, 
    "Ar37": {
        "error": 0.0017511477082117835, 
        "fit": "linear", 
        "value": 0.02686926045529551
    }, 
    "Ar38": {
        "error": 0.0043100139249350545, 
        "fit": "linear", 
        "value": 0.12961790998282288
    }, 
    "Ar39": {
        "error": 0.007456340111436462, 
        "fit": "Parabolic", 
        "value": 0.07110823381456771
    }, 
    "Ar40": {
        "error": 0.006367503683392637, 
        "fit": "Parabolic", 
        "value": 0.14228728742876143
    }, 
    "Ar41": {
        "error": 0.004760183255645377, 
        "fit": "linear", 
        "value": 0.07691496476362589
    }
}