{
    "Ar36": {
        "error": 0.0003937559417207293, 
        "filter_outliers_dict": {
            "filter_outliers": true, 
            "iterations": 1, 
            "std_devs": 2
        }, 
        "fit": "Linear", 
        "value": 0.02276538529325542
    }, 
    "Ar37": {
        "error": 0.01034018990810758, 
        "filter_outliers_dict": {
            "filter_outliers": true, 
            "iterations": 1, 
            "std_devs": 2
        }, 
        "fit": "linear", 
        "value": 0.04959613531950333
    }, 
    "Ar38": {
        "error": 0.00421063108082423, 
        "filter_outliers_dict": {
            "filter_outliers": true, 
            "iterations": 1, 
            "std_devs": 2
        }, 
        "fit": "linear", 
        "value": 0.036658705801271466
    }, 
    "Ar39": {
        "error": 0.015107519107436075, 
        "filter_outliers_dict": {
            "filter_outliers": true, 
            "iterations": 1, 
            "std_devs": 2
        }, 
        "fit": "Linear", 
        "value": 14.564192166857305
    }, 
    "Ar40": {
        "error": 0.03029906579787088, 
        "filter_outliers_dict": {
            "filter_outliers": true, 
            "iterations": 1, 
            "std_devs": 2
        }, 
        "fit": "Linear", 
        "value": 180.9206475638238
    }, 
    "Ar41": {
        "error": 0.0056305465198239245, 
        "filter_outliers_dict": {
            "filter_outliers": true, 
            "iterations": 1, 
            "std_devs": 2
        }, 
        "fit": "Average", 
        "value": 0.1665701809327538
    }
}