{
    "Ar36": {
        "error": 0.0010592357021305331, 
        "filter_outliers_dict": {
            "filter_outliers": true, 
            "iterations": 1, 
            "std_devs": 2
        }, 
        "fit": "Linear", 
        "value": 0.03557137452347812
    }, 
    "Ar37": {
        "error": 0.023705815218695848, 
        "filter_outliers_dict": {
            "filter_outliers": true, 
            "iterations": 1, 
            "std_devs": 2
        }, 
        "fit": "linear", 
        "value": 0.18523491002142828
    }, 
    "Ar38": {
        "error": 0.009259467778126593, 
        "filter_outliers_dict": {
            "filter_outliers": true, 
            "iterations": 1, 
            "std_devs": 2
        }, 
        "fit": "linear", 
        "value": 0.6042315126444984
    }, 
    "Ar39": {
        "error": 0.049420157228100385, 
        "filter_outliers_dict": {
            "filter_outliers": true, 
            "iterations": 1, 
            "std_devs": 2
        }, 
        "fit": "Linear", 
        "value": 56.91178554076374
    }, 
    "Ar40": {
        "error": 0.132681490952961, 
        "filter_outliers_dict": {
            "filter_outliers": true, 
            "iterations": 1, 
            "std_devs": 2
        }, 
        "fit": "Linear", 
        "value": 917.5054664840624
    }, 
    "Ar41": {
        "error": 0.006050149599296439, 
        "filter_outliers_dict": {
            "filter_outliers": true, 
            "iterations": 1, 
            "std_devs": 2
        }, 
        "fit": "Average", 
        "value": -1.2578854751747917
    }
}