{
    "Ar36": {
        "error": 0.0003870827062772256, 
        "filter_outliers_dict": {
            "filter_outliers": true, 
            "iterations": 1, 
            "std_devs": 2
        }, 
        "fit": "Linear", 
        "value": 0.015161022060732889
    }, 
    "Ar37": {
        "error": 0.012074469476768665, 
        "filter_outliers_dict": {
            "filter_outliers": true, 
            "iterations": 1, 
            "std_devs": 2
        }, 
        "fit": "linear", 
        "value": 0.034824565894086154
    }, 
    "Ar38": {
        "error": 0.0053519016204357905, 
        "filter_outliers_dict": {
            "filter_outliers": true, 
            "iterations": 1, 
            "std_devs": 2
        }, 
        "fit": "linear", 
        "value": -0.025228222043799854
    }, 
    "Ar39": {
        "error": 0.01370677370005428, 
        "filter_outliers_dict": {
            "filter_outliers": true, 
            "iterations": 1, 
            "std_devs": 2
        }, 
        "fit": "Linear", 
        "value": 10.8350421602227
    }, 
    "Ar40": {
        "error": 0.022813772654420424, 
        "filter_outliers_dict": {
            "filter_outliers": true, 
            "iterations": 1, 
            "std_devs": 2
        }, 
        "fit": "Linear", 
        "value": 143.27003285742958
    }, 
    "Ar41": {
        "error": 0.00526540280139753, 
        "filter_outliers_dict": {
            "filter_outliers": true, 
            "iterations": 1, 
            "std_devs": 2
        }, 
        "fit": "Average", 
        "value": -1.229069169432629
    }
}