{
    "Ar36": {
        "error": 0.00046752630622114085, 
        "filter_outliers_dict": {
            "filter_outliers": true, 
            "iterations": 1, 
            "std_devs": 2
        }, 
        "fit": "Linear", 
        "value": 0.023078735600437886
    }, 
    "Ar37": {
        "error": 0.011261264371701447, 
        "filter_outliers_dict": {
            "filter_outliers": true, 
            "iterations": 1, 
            "std_devs": 2
        }, 
        "fit": "linear", 
        "value": 0.1491592185116284
    }, 
    "Ar38": {
        "error": 0.0053616854858783425, 
        "filter_outliers_dict": {
            "filter_outliers": true, 
            "iterations": 1, 
            "std_devs": 2
        }, 
        "fit": "linear", 
        "value": 0.8691640002315276
    }, 
    "Ar39": {
        "error": 0.01721929766837458, 
        "filter_outliers_dict": {
            "filter_outliers": true, 
            "iterations": 1, 
            "std_devs": 2
        }, 
        "fit": "Linear", 
        "value": 67.76420179117324
    }, 
    "Ar40": {
        "error": 0.06340333961395148, 
        "filter_outliers_dict": {
            "filter_outliers": true, 
            "iterations": 1, 
            "std_devs": 2
        }, 
        "fit": "Linear", 
        "value": 877.1953743311387
    }, 
    "Ar41": {
        "error": 0.004717759219668689, 
        "filter_outliers_dict": {
            "filter_outliers": true, 
            "iterations": 1, 
            "std_devs": 2
        }, 
        "fit": "Average", 
        "value": 0.02430789457264537
    }
}