{
    "Ar36": {
        "error": 0.0010951853515379273, 
        "filter_outliers_dict": {
            "filter_outliers": true, 
            "iterations": 1, 
            "std_devs": 2
        }, 
        "fit": "Linear", 
        "value": 0.052211771491993186
    }, 
    "Ar37": {
        "error": 0.02310189786241882, 
        "filter_outliers_dict": {
            "filter_outliers": true, 
            "iterations": 1, 
            "std_devs": 2
        }, 
        "fit": "linear", 
        "value": 0.030786269288907195
    }, 
    "Ar38": {
        "error": 0.009945484514339391, 
        "filter_outliers_dict": {
            "filter_outliers": true, 
            "iterations": 1, 
            "std_devs": 2
        }, 
        "fit": "linear", 
        "value": 0.4266530546495811
    }, 
    "Ar39": {
        "error": 0.03094002494213019, 
        "filter_outliers_dict": {
            "filter_outliers": true, 
            "iterations": 1, 
            "std_devs": 2
        }, 
        "fit": "Linear", 
        "value": 31.061249669678077
    }, 
    "Ar40": {
        "error": 0.16679789038881312, 
        "filter_outliers_dict": {
            "filter_outliers": true, 
            "iterations": 1, 
            "std_devs": 2
        }, 
        "fit": "Linear", 
        "value": 2153.3701962228047
    }, 
    "Ar41": {
        "error": 0.011769618030752977, 
        "filter_outliers_dict": {
            "filter_outliers": true, 
            "iterations": 1, 
            "std_devs": 2
        }, 
        "fit": "Average", 
        "value": 0.11504497467915209
    }
}