{
    "Ar36": {
        "error": 0.00042696675034459525, 
        "fit": "Linear", 
        "value": 0.006939317333887611
    }, 
    "Ar37": {
        "error": 0.011754124494246098, 
        "fit": "linear", 
        "value": 0.02594412955061106
    }, 
    "Ar38": {
        "error": 0.03013246808044983, 
        "fit": "linear", 
        "value": 0.1643252019354824
    }, 
    "Ar39": {
        "error": 0.02567751076443765, 
        "fit": "Linear", 
        "value": 2.1396114071213312
    }, 
    "Ar40": {
        "error": 0.04384358918395885, 
        "fit": "Linear", 
        "value": 151.41390512504972
    }, 
    "Ar41": {
        "error": 0.008398554777668144, 
        "fit": "Average", 
        "value": 0.05204273279803426
    }
}