{
    "Ar36": {
        "error": 0.0009827460499141473, 
        "fit": "Linear", 
        "value": 0.03083543561504971
    }, 
    "Ar37": {
        "error": 0.010482061786143216, 
        "fit": "linear", 
        "value": 0.035797597874009116
    }, 
    "Ar38": {
        "error": 0.024824383154303492, 
        "fit": "linear", 
        "value": 0.21295716958409017
    }, 
    "Ar39": {
        "error": 0.02736678071166486, 
        "fit": "Linear", 
        "value": 0.13745791847969974
    }, 
    "Ar40": {
        "error": 0.025610376155595443, 
        "fit": "Linear", 
        "value": 10.772426610708582
    }, 
    "Ar41": {
        "error": 0.009476815869105757, 
        "fit": "Average", 
        "value": 0.08711826499809787
    }
}