{
    "Ar36": {
        "error": 0.0005692022450579927, 
        "fit": "Linear", 
        "value": 0.009017068191893504
    }, 
    "Ar37": {
        "error": 0.010454367013620106, 
        "fit": "linear", 
        "value": 0.022432319993551473
    }, 
    "Ar38": {
        "error": 0.02463483790145119, 
        "fit": "linear", 
        "value": 0.20574331014928313
    }, 
    "Ar39": {
        "error": 0.0262562453630243, 
        "fit": "Linear", 
        "value": 4.7149651836223345
    }, 
    "Ar40": {
        "error": 0.09135129815713985, 
        "fit": "Linear", 
        "value": 609.5610641745759
    }, 
    "Ar41": {
        "error": 0.00818155009268816, 
        "fit": "Average", 
        "value": 0.11486601665855939
    }
}