{
    "Ar36": {
        "error": 0.0007530883694526548, 
        "fit": "Linear", 
        "value": 0.012866409477803566
    }, 
    "Ar37": {
        "error": 0.012058076215630905, 
        "fit": "linear", 
        "value": -0.0014115147863200572
    }, 
    "Ar38": {
        "error": 0.02192952088674236, 
        "fit": "linear", 
        "value": 0.14925252826721555
    }, 
    "Ar39": {
        "error": 0.021714167508006994, 
        "fit": "Linear", 
        "value": 0.09798432043293781
    }, 
    "Ar40": {
        "error": 0.02143842163467738, 
        "fit": "Linear", 
        "value": 6.566697766566584
    }, 
    "Ar41": {
        "error": 0.006931902554027797, 
        "fit": "Average", 
        "value": 0.09066829289891705
    }
}