{
    "Ar36": {
        "error": 0.0032711700196541445, 
        "fit": "Linear", 
        "value": 0.36051629264909674
    }, 
    "Ar37": {
        "error": 0.011310631246441513, 
        "fit": "linear", 
        "value": 0.02680736473511998
    }, 
    "Ar38": {
        "error": 0.025610236241308464, 
        "fit": "linear", 
        "value": 0.2872986018959678
    }, 
    "Ar39": {
        "error": 0.018239153028907558, 
        "fit": "Linear", 
        "value": 0.17803194373786918
    }, 
    "Ar40": {
        "error": 0.0567958800274063, 
        "fit": "Linear", 
        "value": 192.60036710239464
    }, 
    "Ar41": {
        "error": 0.006846392306629096, 
        "fit": "Average", 
        "value": 0.09574286087159792
    }
}