{
    "Ar36": {
        "error": 0.0004414173746301244, 
        "fit": "Linear", 
        "value": 0.006701570832693257
    }, 
    "Ar37": {
        "error": 0.007626075649823986, 
        "fit": "linear", 
        "value": 0.02079626802693943
    }, 
    "Ar38": {
        "error": 0.029124882908769342, 
        "fit": "linear", 
        "value": 0.1839160465621727
    }, 
    "Ar39": {
        "error": 0.02518861333233838, 
        "fit": "Linear", 
        "value": 3.1090998407464694
    }, 
    "Ar40": {
        "error": 0.058767055707314934, 
        "fit": "Linear", 
        "value": 166.11977529782115
    }, 
    "Ar41": {
        "error": 0.007954314275967937, 
        "fit": "Average", 
        "value": 0.08852637588971021
    }
}