{
    "Ar36": {
        "error": 0.009386063467807017, 
        "fit": "Linear", 
        "value": 2.2109924789264164
    }, 
    "Ar37": {
        "error": 0.0111657413285479, 
        "fit": "linear", 
        "value": 0.04329038909802348
    }, 
    "Ar38": {
        "error": 0.02550412184012416, 
        "fit": "linear", 
        "value": 0.598339963723322
    }, 
    "Ar39": {
        "error": 0.024578918847726283, 
        "fit": "Linear", 
        "value": 0.32044875880596296
    }, 
    "Ar40": {
        "error": 0.11817964212947085, 
        "fit": "Linear", 
        "value": 750.1683398190216
    }, 
    "Ar41": {
        "error": 0.0074228273570832665, 
        "fit": "Average", 
        "value": 0.14564402183490047
    }
}