{
    "Ar36": {
        "error": 0.0011048674814667955, 
        "fit": "Linear", 
        "value": 0.04883100591447617
    }, 
    "Ar37": {
        "error": 0.007498083738566931, 
        "fit": "linear", 
        "value": 0.033676416997274514
    }, 
    "Ar38": {
        "error": 0.022839544711504768, 
        "fit": "linear", 
        "value": 0.31693610890969237
    }, 
    "Ar39": {
        "error": 0.022897957146526333, 
        "fit": "Linear", 
        "value": 12.147022807873658
    }, 
    "Ar40": {
        "error": 0.2328311821097132, 
        "fit": "Linear", 
        "value": 2917.381942639034
    }, 
    "Ar41": {
        "error": 0.007032466174688353, 
        "fit": "Average", 
        "value": 0.18700747915190974
    }
}