{
    "Ar36": {
        "error": 0.0008445840725189053, 
        "fit": "Linear", 
        "value": 0.041791100641239545
    }, 
    "Ar37": {
        "error": 0.008725810528463262, 
        "fit": "linear", 
        "value": 0.0443724938209506
    }, 
    "Ar38": {
        "error": 0.025557745204354897, 
        "fit": "linear", 
        "value": 0.22750794156029586
    }, 
    "Ar39": {
        "error": 0.027876396912254967, 
        "fit": "Linear", 
        "value": 6.582344968339476
    }, 
    "Ar40": {
        "error": 0.19083239722879547, 
        "fit": "Linear", 
        "value": 1585.39910334712
    }, 
    "Ar41": {
        "error": 0.008400080889200497, 
        "fit": "Average", 
        "value": 0.1370556156671908
    }
}