{
    "Ar36": {
        "error": 0.000808178357528048, 
        "fit": "Linear", 
        "value": 0.017590545606775313
    }, 
    "Ar37": {
        "error": 0.011273810819188148, 
        "fit": "linear", 
        "value": 0.0316074766229493
    }, 
    "Ar38": {
        "error": 0.026738600403185545, 
        "fit": "linear", 
        "value": 0.31916935422082204
    }, 
    "Ar39": {
        "error": 0.030024954279517863, 
        "fit": "Linear", 
        "value": 11.708000996430314
    }, 
    "Ar40": {
        "error": 0.12921876643994307, 
        "fit": "Linear", 
        "value": 1194.8706289148183
    }, 
    "Ar41": {
        "error": 0.006733315344012751, 
        "fit": "Average", 
        "value": 0.11705631199640719
    }
}