{
    "Ar36": {
        "error": 0.0021781677998029612, 
        "fit": "Linear", 
        "value": 0.16889817023980672
    }, 
    "Ar37": {
        "error": 0.011728068543277386, 
        "fit": "linear", 
        "value": 0.05327691934128451
    }, 
    "Ar38": {
        "error": 0.026089528345185624, 
        "fit": "linear", 
        "value": 0.4592655012887963
    }, 
    "Ar39": {
        "error": 0.03220904893317872, 
        "fit": "Linear", 
        "value": 18.53269877066073
    }, 
    "Ar40": {
        "error": 0.1537182289027526, 
        "fit": "Linear", 
        "value": 2148.236831103449
    }, 
    "Ar41": {
        "error": 0.008210749807710653, 
        "fit": "Average", 
        "value": 0.16269773596183476
    }
}