{
    "Ar36": {
        "error": 0.0010082262597714076, 
        "filter_outliers_dict": {
            "filter_outliers": true, 
            "iterations": 1, 
            "std_devs": 2
        }, 
        "fit": "Linear", 
        "value": 0.04204723022760952
    }, 
    "Ar37": {
        "error": 0.02404791722483853, 
        "filter_outliers_dict": {
            "filter_outliers": true, 
            "iterations": 1, 
            "std_devs": 2
        }, 
        "fit": "linear", 
        "value": 0.15075332319061258
    }, 
    "Ar38": {
        "error": 0.009445381277961804, 
        "filter_outliers_dict": {
            "filter_outliers": true, 
            "iterations": 1, 
            "std_devs": 2
        }, 
        "fit": "linear", 
        "value": 0.1031222775950036
    }, 
    "Ar39": {
        "error": 0.030829624843280185, 
        "filter_outliers_dict": {
            "filter_outliers": true, 
            "iterations": 1, 
            "std_devs": 2
        }, 
        "fit": "Linear", 
        "value": 6.769129433808112
    }, 
    "Ar40": {
        "error": 0.12714307421341925, 
        "filter_outliers_dict": {
            "filter_outliers": true, 
            "iterations": 1, 
            "std_devs": 2
        }, 
        "fit": "Linear", 
        "value": 1147.57995309433
    }, 
    "Ar41": {
        "error": 0.005659646040384224, 
        "filter_outliers_dict": {
            "filter_outliers": true, 
            "iterations": 1, 
            "std_devs": 2
        }, 
        "fit": "Average", 
        "value": 0.1398427851135048
    }
}