{
    "Ar36": {
        "error": 0.0006931548458854227, 
        "fit": "Parabolic", 
        "value": 0.19825791861843298
    }, 
    "Ar37": {
        "error": 0.0018560320509600642, 
        "fit": "linear", 
        "value": 0.023075805619147016
    }, 
    "Ar38": {
        "error": 0.004585934773400586, 
        "fit": "linear", 
        "value": 0.1749355619349838
    }, 
    "Ar39": {
        "error": 0.007587491159733875, 
        "fit": "Parabolic", 
        "value": 0.06270178868996382
    }, 
    "Ar40": {
        "error": 0.01022508671307975, 
        "fit": "Parabolic", 
        "value": 59.92376274120538
    }, 
    "Ar41": {
        "error": 0.004790649776930284, 
        "fit": "linear", 
        "value": 0.0698408388417266
    }
}