{
    "Ar36": {
        "error": 0.000655376640375026, 
        "fit": "Parabolic", 
        "value": 0.19672744838731981
    }, 
    "Ar37": {
        "error": 0.0020220723704624955, 
        "fit": "linear", 
        "value": 0.026184037932974073
    }, 
    "Ar38": {
        "error": 0.004528819260742625, 
        "fit": "linear", 
        "value": 0.17811796648531547
    }, 
    "Ar39": {
        "error": 0.007274332412664685, 
        "fit": "Parabolic", 
        "value": 0.06840771822487668
    }, 
    "Ar40": {
        "error": 0.010000870079559096, 
        "fit": "Parabolic", 
        "value": 59.503571821684005
    }, 
    "Ar41": {
        "error": 0.004740014264835457, 
        "fit": "linear", 
        "value": 0.08347539614079663
    }
}