{
    "Ar36": {
        "error": 0.0002199414330974885, 
        "fit": "Parabolic", 
        "value": 0.008203871326078523
    }, 
    "Ar37": {
        "error": 0.0023178134978130245, 
        "fit": "linear", 
        "value": 0.024917161988523538
    }, 
    "Ar38": {
        "error": 0.0059147526658935405, 
        "fit": "linear", 
        "value": 0.13808651283080942
    }, 
    "Ar39": {
        "error": 0.009107190058921083, 
        "fit": "Parabolic", 
        "value": 0.05335274907864651
    }, 
    "Ar40": {
        "error": 0.008125041383628264, 
        "fit": "Parabolic", 
        "value": 2.2549789640805233
    }, 
    "Ar41": {
        "error": 0.005676061813974031, 
        "fit": "linear", 
        "value": 0.08738334215329396
    }
}