{
    "Ar36": {
        "error": 0.00017644494904031134, 
        "fit": "Parabolic", 
        "value": 0.004724763922630323
    }, 
    "Ar37": {
        "error": 0.0024466201907685273, 
        "fit": "linear", 
        "value": 0.02585983210828395
    }, 
    "Ar38": {
        "error": 0.005586240466939297, 
        "fit": "linear", 
        "value": 0.1253938086391814
    }, 
    "Ar39": {
        "error": 0.009065108694003801, 
        "fit": "Parabolic", 
        "value": 0.05154334642914181
    }, 
    "Ar40": {
        "error": 0.008041907404394229, 
        "fit": "Parabolic", 
        "value": 1.15336804978354
    }, 
    "Ar41": {
        "error": 0.00606249545685345, 
        "fit": "linear", 
        "value": 0.08765024531405308
    }
}