{
    "Ar36": {
        "error": 0.00017317430550552103, 
        "fit": "Parabolic", 
        "value": 0.0038238429177983434
    }, 
    "Ar37": {
        "error": 0.0023901545849340953, 
        "fit": "linear", 
        "value": 0.022471355336704395
    }, 
    "Ar38": {
        "error": 0.005495291619669429, 
        "fit": "linear", 
        "value": 0.1284343208244955
    }, 
    "Ar39": {
        "error": 0.009791089160578501, 
        "fit": "Parabolic", 
        "value": 0.05539862107755632
    }, 
    "Ar40": {
        "error": 0.008437596514106525, 
        "fit": "Parabolic", 
        "value": 0.8805605596440897
    }, 
    "Ar41": {
        "error": 0.0064076272515017135, 
        "fit": "linear", 
        "value": 0.0637509706673671
    }
}