{
    "AX": {
        "error": 0.007288123921746518, 
        "fit": "average", 
        "value": 0.04457880671519398
    }, 
    "CDD": {
        "error": 1.670056901195173e-05, 
        "fit": "average", 
        "value": 6.605449625447546e-05
    }, 
    "H1": {
        "error": 0.005542139853949307, 
        "fit": "average", 
        "value": -0.02787050856243634
    }, 
    "H2": {
        "error": 0.010310046382382289, 
        "fit": "average", 
        "value": 0.06792134539585705
    }, 
    "L1": {
        "error": 0.006406788410061161, 
        "fit": "average", 
        "value": 0.1294570484832622
    }, 
    "L2": {
        "error": 0.002513126675533538, 
        "fit": "average", 
        "value": 0.001963948999940139
    }
}