{
    "AX": {
        "error": 0.008557370454404535, 
        "fit": "average", 
        "value": 0.04265183848128448
    }, 
    "CDD": {
        "error": 2.1291292218287596e-05, 
        "fit": "average", 
        "value": 0.00016813871803020945
    }, 
    "H1": {
        "error": 0.007095510979674674, 
        "fit": "average", 
        "value": -0.036763964742493244
    }, 
    "H2": {
        "error": 0.007899549131505541, 
        "fit": "average", 
        "value": 0.0632266282534427
    }, 
    "L1": {
        "error": 0.00732819318316899, 
        "fit": "average", 
        "value": 0.13121285967367508
    }, 
    "L2": {
        "error": 0.003242145331542622, 
        "fit": "average", 
        "value": 0.012258690507092072
    }
}