{
    "AX": {
        "error": 0.008053827312048113, 
        "fit": "average", 
        "value": 0.05622176859380278
    }, 
    "CDD": {
        "error": 7.732560801621954e-06, 
        "fit": "average", 
        "value": 1.501238545251e-05
    }, 
    "H1": {
        "error": 0.005935963165220632, 
        "fit": "average", 
        "value": -0.04391192992254535
    }, 
    "H2": {
        "error": 0.008245362922308267, 
        "fit": "average", 
        "value": 0.07064582298336766
    }, 
    "L1": {
        "error": 0.006180801856594785, 
        "fit": "average", 
        "value": 0.13353742291014242
    }, 
    "L2": {
        "error": 0.003066050564273254, 
        "fit": "average", 
        "value": 0.009606768342947596
    }
}