{
    "AX": {
        "error": 0.007857881453434393, 
        "fit": "average", 
        "value": 0.058965266081705214
    }, 
    "CDD": {
        "error": 3.0378088493692127e-05, 
        "fit": "average", 
        "value": 0.00038431707470835887
    }, 
    "H1": {
        "error": 0.0121568271669172, 
        "fit": "average", 
        "value": -0.04774780141529443
    }, 
    "H2": {
        "error": 0.0072911414619340606, 
        "fit": "average", 
        "value": 0.07475862465035671
    }, 
    "L1": {
        "error": 0.0068047783577384205, 
        "fit": "average", 
        "value": 0.11671013513730517
    }, 
    "L2": {
        "error": 0.0024231451391169565, 
        "fit": "average", 
        "value": 0.0024905921648444443
    }
}