{
    "AX": {
        "error": 0.008097092269742253, 
        "fit": "average", 
        "value": 0.046070543386191945
    }, 
    "CDD": {
        "error": 1.500625677887927e-05, 
        "fit": "average", 
        "value": 7.806440439886618e-05
    }, 
    "H1": {
        "error": 0.006338129925441275, 
        "fit": "average", 
        "value": -0.019903856493018637
    }, 
    "H2": {
        "error": 0.008128422741821798, 
        "fit": "average", 
        "value": 0.06787956009474888
    }, 
    "L1": {
        "error": 0.007302864632765232, 
        "fit": "average", 
        "value": 0.12594661276930666
    }, 
    "L2": {
        "error": 0.0027588130254766236, 
        "fit": "average", 
        "value": 0.011316291157669252
    }
}