{
    "AX": {
        "error": 0.005226417518849491, 
        "fit": "average", 
        "value": 0.034490478765801184
    }, 
    "CDD": {
        "error": 2.9993215583878436e-06, 
        "fit": "average", 
        "value": 7.506192697621149e-06
    }, 
    "H1": {
        "error": 0.00395058890430258, 
        "fit": "average", 
        "value": -0.031629847469731596
    }, 
    "H2": {
        "error": 0.005450925626409641, 
        "fit": "average", 
        "value": 0.08413438131985289
    }, 
    "L1": {
        "error": 0.004989507281027722, 
        "fit": "average", 
        "value": 0.13208881676093234
    }, 
    "L2": {
        "error": 0.002161482966296684, 
        "fit": "average", 
        "value": 0.005048025295574349
    }
}