{
    "AX": {
        "error": 0.008654465546703658, 
        "fit": "average", 
        "value": 0.028775158744840764
    }, 
    "CDD": {
        "error": 2.3098334720607034e-05, 
        "fit": "average", 
        "value": 0.00018014862674727724
    }, 
    "H1": {
        "error": 0.007199701781823458, 
        "fit": "average", 
        "value": -0.052177271111360064
    }, 
    "H2": {
        "error": 0.00873854028987171, 
        "fit": "average", 
        "value": 0.06602595710355685
    }, 
    "L1": {
        "error": 0.007196039183031602, 
        "fit": "average", 
        "value": 0.11789843207064349
    }, 
    "L2": {
        "error": 0.0030591081686167925, 
        "fit": "average", 
        "value": 0.0075287225581503825
    }
}