{
    "AX": {
        "error": 0.008167959770054996, 
        "fit": "average", 
        "value": 0.04106178598790643
    }, 
    "CDD": {
        "error": 1.151726325772726e-05, 
        "fit": "average", 
        "value": 6.905697287538226e-05
    }, 
    "H1": {
        "error": 0.007027996398725172, 
        "fit": "average", 
        "value": -0.02569338233650122
    }, 
    "H2": {
        "error": 0.007340808728668167, 
        "fit": "average", 
        "value": 0.09190662110724636
    }, 
    "L1": {
        "error": 0.006467096248727445, 
        "fit": "average", 
        "value": 0.13288562121914688
    }, 
    "L2": {
        "error": 0.002937492582729239, 
        "fit": "average", 
        "value": 0.005128754887283166
    }
}