{
    "AX": {
        "error": 0.0071598350800204736, 
        "fit": "average", 
        "value": 0.037606827595689576
    }, 
    "CDD": {
        "error": 1.8765481744052877e-06, 
        "fit": "average", 
        "value": 1.8765481744052873e-06
    }, 
    "H1": {
        "error": 0.00486036602169448, 
        "fit": "average", 
        "value": -0.026247906777662873
    }, 
    "H2": {
        "error": 0.004609203501501102, 
        "fit": "average", 
        "value": 0.06766998163871223
    }, 
    "L1": {
        "error": 0.0060687606313192055, 
        "fit": "average", 
        "value": 0.1334720644259712
    }, 
    "L2": {
        "error": 0.0022846710434512433, 
        "fit": "average", 
        "value": 0.004671590839980873
    }
}